candidate_id,source_id,run_id,score,app_ready,runtime_ms,line_count,derived_visible_ink_score,metric_visual_quality_score,metric_ssim,metric_detail_score,metric_contrast_score,metric_edge_similarity,metric_line_clump_penalty,metric_overdraw_rate,config_line_ink,config_thread_count,config_final_line_cap,config_visual_opacity_scale,config_visual_width_scale,config_contrast,config_gamma
candidate-0001,source-02,run-01,0.242635,1,9903.5,6000,0.0083,0.37181,0.528081,0.409476,0.364328,0.425564,0.911316,1.073817,0.0083,6000.0,6000.0,1.0,1.0,1.04,1.0
candidate-0002,source-02,run-01,0.24555,1,10072.5,6000,0.0083,0.372469,0.529253,0.407633,0.371012,0.420667,0.91151,1.063039,0.0083,6000.0,6000.0,1.0,1.0,1.0,1.0
candidate-0003,source-03,run-01,0.349108,1,37276.125,6000,,0.412578,0.529453,0.431159,0.369273,0.40415,0.852721,0.296134,,6000.0,6000.0,1.0,1.0,,
candidate-0004,source-01,run-01,0.334953,0,37294.5,6000,,0.406794,0.529252,0.425395,0.37097,0.405983,0.852749,0.346089,,6000.0,6000.0,1.0,1.0,,
candidate-0005,source-03,run-01,0.334953,0,37294.5,6000,,0.406794,0.529252,0.425395,0.37097,0.405983,0.852749,0.346089,,6000.0,6000.0,1.0,1.0,,
candidate-0006,source-01,run-02,0.761613,1,35977.5,4800,,0.725531,0.594206,0.769289,0.76662,0.769328,0.062884,0.133314,,4800.0,4800.0,0.32,0.6,,
candidate-0007,source-01,run-03,0.653175,1,3556.2475,6000,,0.580606,0.510528,0.695514,0.449373,0.693097,0.004126,0.419979,,6000.0,6000.0,1.0,1.0,,
candidate-0008,source-02,run-03,0.653175,1,3556.2475,6000,,0.580606,0.510528,0.695514,0.449373,0.693097,0.004126,0.419979,,6000.0,6000.0,1.0,1.0,,
candidate-0009,source-03,run-03,0.653175,1,3556.2475,6000,,0.580606,0.510528,0.695514,0.449373,0.693097,0.004126,0.419979,,6000.0,6000.0,1.0,1.0,,
candidate-0010,source-03,run-04,0.65736,1,20699.6875,6000,,0.581837,0.511485,0.694122,0.451526,0.690456,0.004022,0.401139,,6000.0,6000.0,1.0,1.0,,
candidate-0011,source-02,run-05,0.452128,0,3486.7974999999997,5800,0.009,0.574407,0.510351,0.693039,0.444223,0.689355,0.003808,0.488871,0.009,5800.0,5800.0,1.0,1.0,1.0,1.0
candidate-0012,source-01,run-05,0.451625,0,3566.6525,5800,0.009,0.574598,0.510236,0.694056,0.444863,0.691017,0.003905,0.500448,0.009,5800.0,5800.0,1.0,1.0,1.0,1.0
candidate-0013,source-03,run-05,0.451838,0,3575.165,5800,0.009,0.574554,0.510117,0.694159,0.444112,0.690563,0.003955,0.491603,0.009,5800.0,5800.0,1.0,1.0,1.0,1.0
candidate-0014,source-01,run-06,0.335264,0,8789.5,6000,0.0083,0.416627,0.531132,0.4379,0.372567,0.413275,0.8524,0.297717,0.0083,6000.0,6000.0,1.0,1.0,1.0,1.0
candidate-0015,source-03,run-06,0.335264,0,8789.5,6000,0.0083,0.416627,0.531132,0.4379,0.372567,0.413275,0.8524,0.297717,0.0083,6000.0,6000.0,1.0,1.0,1.0,1.0
candidate-0016,source-02,run-07,0.628485,1,11390.75,4800,0.0015936,0.68829,0.549923,0.741278,0.670824,0.751938,0.07427,0.142295,0.0083,4800.0,4800.0,0.32,0.6,1.0,1.0
candidate-0017,source-02,run-08,0.381612,0,22380.6875,4800,,,0.533365,0.444505,0.382997,0.431934,0.851622,0.170234,0.0083,4800.0,4800.0,,,1.0,1.0
